account_url,contributions_count
https://github.com/comfuture,12882
https://github.com/junhoyeo,11939
https://github.com/thejungwon,10800
https://github.com/devxoul,8559
https://github.com/leeseojune53,7902
https://github.com/nalbam,7887
https://github.com/GeekTree0101,7784
https://github.com/JAICHANGPARK,7385
https://github.com/OhKanghoon,6313
https://github.com/colus001,5977
https://github.com/youngkwon02,5624
https://github.com/geonu,5611
https://github.com/yymin1022,5301
https://github.com/pretty00butt,5042
https://github.com/yoo2001818,4942
https://github.com/hyp3rflow,4849
https://github.com/magi82,4734
https://github.com/softpeanut,4649
https://github.com/potados99,4483
https://github.com/posquit0,4280
https://github.com/jhhong0509,4172
https://github.com/beygee,3978
https://github.com/sang-w0o,3954
https://github.com/ageldama,3941
https://github.com/GwonHyeok,3928
https://github.com/YoonAh-dev,3868
https://github.com/Seolhun,3825
https://github.com/Alex4386,3748
https://github.com/hyochan,3706
https://github.com/mu29,3610
https://github.com/shinkeonkim,3558
https://github.com/amorfati0310,3556
https://github.com/skydoves,3323
https://github.com/bluelion2,3292
https://github.com/breath103,3245
https://github.com/reck1ess,3244
https://github.com/KYHSGeekCode,3173
https://github.com/mango906,3162
https://github.com/HurSungYun,3152
https://github.com/AhnSeongHyun,3091
https://github.com/devHudi,3086
https://github.com/yiyb0603,3083
https://github.com/HyunSeob,3045
https://github.com/SeojinSeojin,3035
https://github.com/jaeseongDev,3029
https://github.com/Choi-Jinwoo,3022
https://github.com/johngrib,3016
https://github.com/monologg,3012
https://github.com/riverandeye,3001
https://github.com/KimPinot,2965
https://github.com/corykim0829,2955
https://github.com/graup,2943
https://github.com/dididy,2934
https://github.com/dev-madilyn,2864
https://github.com/siyeons,2826
https://github.com/samslow,2814
https://github.com/wonism,2806
https://github.com/mattdamon108,2794
https://github.com/samchon,2786
https://github.com/kciter,2753
https://github.com/dsa28s,2713
https://github.com/if1live,2709
https://github.com/jungilhan,2708
https://github.com/dahlia,2707
https://github.com/krung2,2695
https://github.com/DongGeon0908,2690
https://github.com/hyunwoongko,2673
https://github.com/techinpark,2628
https://github.com/pbzweihander,2573
https://github.com/JuHyun419,2549
https://github.com/manudeli,2527
https://github.com/jeongukjae,2519
https://github.com/thomasJang,2503
https://github.com/mooyoul,2489
https://github.com/booldook,2457
https://github.com/routiful,2452
https://github.com/AlpoxDev,2448
https://github.com/Hanul,2396
https://github.com/choibumsu,2366
https://github.com/SODA1127,2352
https://github.com/pilgwon,2341
https://github.com/paikwiki,2336
https://github.com/tonyfromundefined,2313
https://github.com/HelloWorld017,2281
https://github.com/hyesungoh,2268
https://github.com/hyesuuou,2262
https://github.com/Xvezda,2255
https://github.com/WonJoongLee,2223
https://github.com/hajoeun,2202
https://github.com/JungKyuHyun,2196
https://github.com/moreal,2186
https://github.com/devholic,2186
https://github.com/seungminio,2181
https://github.com/youngminz,2138
https://github.com/hansh0101,2135
https://github.com/youknowone,2124
https://github.com/hallazzang,2118
https://github.com/KoEonYack,2106
https://github.com/Yabby1997,2096
https://github.com/BeLeap,2085
https://github.com/revsic,2070
https://github.com/ingong,2064
https://github.com/gomjellie,2060
https://github.com/bigpel66,2047
https://github.com/jokj624,2045
https://github.com/wisemuji,2042
https://github.com/therne,2038
https://github.com/evan-moon,2032
https://github.com/jasonkang14,2021
https://github.com/Snowapril,2018
https://github.com/CreatiCoding,2008
https://github.com/arter97,2000
https://github.com/Parkayun,1991
https://github.com/2ujin,1984
https://github.com/JuYeong0413,1983
https://github.com/rhea-so,1980
https://github.com/ChangJoo-Park,1979
https://github.com/Rokt33r,1977
https://github.com/taehwanno,1977
https://github.com/shiftpsh,1970
https://github.com/jomno,1960
https://github.com/cometkim,1948
https://github.com/perillamint,1942
https://github.com/Jungwoo-An,1941
https://github.com/qkrdmstlr3,1938
https://github.com/hanjukim,1920
https://github.com/ElonPark,1914
https://github.com/n0rr7882,1905
https://github.com/rhiokim,1900
https://github.com/Taehyeon-Kim,1900
https://github.com/zi-gae,1899
https://github.com/inddoni,1891
https://github.com/pa-rang,1884
https://github.com/yojkim,1877
https://github.com/LeeOhHyung,1864
https://github.com/e-sung,1859
https://github.com/lemon-mint,1844
https://github.com/pjc0247,1839
https://github.com/Dev-Beom,1821
https://github.com/doong-jo,1820
https://github.com/alittlekitten,1810
https://github.com/pcsoyeon,1805
https://github.com/shinsunyoung,1794
https://github.com/Nanamare,1793
https://github.com/incleaf,1785
https://github.com/hahnlee,1778
https://github.com/zeroFruit,1773
https://github.com/raon0211,1768
https://github.com/danmin20,1766
https://github.com/Chedda98,1763
https://github.com/soryeongk,1763
https://github.com/SeokRae,1760
https://github.com/parkikbum,1759
https://github.com/cozzin,1757
https://github.com/Azderica,1757
https://github.com/Kcrong,1754
https://github.com/2004yyj,1752
https://github.com/robotpilot,1732
https://github.com/keenkim1202,1729
https://github.com/DevYeom,1726
https://github.com/easylogic,1718
https://github.com/jjunyjjuny,1702
https://github.com/innocarpe,1698
https://github.com/godbs129,1686
https://github.com/GBS-Skile,1685
https://github.com/hmmhmmhm,1652
https://github.com/rkskekzzz,1652
https://github.com/disjukr,1651
https://github.com/black7375,1647
https://github.com/kozistr,1643
https://github.com/MaxKim-J,1640
https://github.com/siyual-park,1629
https://github.com/BenjaminKim,1608
https://github.com/hiddenest,1589
https://github.com/iamssen,1582
https://github.com/jwvg0425,1580
https://github.com/dlunch,1576
https://github.com/Sh031224,1569
https://github.com/BasixKOR,1552
https://github.com/iolo,1538
https://github.com/javafa,1534
https://github.com/mysticfall,1530
https://github.com/hayeon17kim,1530
https://github.com/chorom-ham,1526
https://github.com/bskim45,1503
https://github.com/simnalamburt,1499
https://github.com/LeeHanYeong,1498
https://github.com/da-nyee,1497
https://github.com/justinyoo,1491
https://github.com/zereight,1489
https://github.com/gnujoow,1487
https://github.com/serranoarevalo,1485
https://github.com/importre,1481
https://github.com/k-lpmg,1481
https://github.com/dittos,1470
https://github.com/dlwns33,1466
https://github.com/eona1301,1458
https://github.com/bell2lee,1457
https://github.com/howdy-mj,1454
https://github.com/jeyraof,1441
https://github.com/benjioh5,1434
https://github.com/della-padula,1422
https://github.com/seungchan2,1419
https://github.com/Hong-JunHyeok,1417
https://github.com/mrchypark,1413
https://github.com/cokia,1413
https://github.com/escapeanaemia,1411
https://github.com/SaidBySolo,1401
https://github.com/jhaemin,1393
https://github.com/appetizermonster,1390
https://github.com/keepcosmos,1390
https://github.com/superbderrick,1389
https://github.com/Do-ho,1385
https://github.com/wayhome25,1374
https://github.com/unluckyjung,1374
https://github.com/yangroro,1373
https://github.com/rajephon,1368
https://github.com/jhhong0930,1367
https://github.com/with-key,1362
https://github.com/whitebear05,1359
https://github.com/saechimdaeki,1350
https://github.com/hochan222,1348
https://github.com/kmebin,1337
https://github.com/Hyeon9mak,1335
https://github.com/suhy-jang,1333
https://github.com/anaclumos,1331
https://github.com/rath,1315
https://github.com/hotire,1312
https://github.com/neoarc,1307
https://github.com/yujo11,1298
https://github.com/saengmotmi,1296
https://github.com/eunsukimme,1287
https://github.com/jihoonerd,1281
https://github.com/snoop2head,1278
https://github.com/JoMingyu,1268
https://github.com/ejolie,1267
https://github.com/raccoonyy,1258
https://github.com/haeseoklee,1258
https://github.com/jung-youjin,1254
https://github.com/1ilsang,1249
https://github.com/JaeSeoKim,1243
https://github.com/ddongule,1242
https://github.com/imnotmoon,1235
https://github.com/CraftyDragon678,1229
https://github.com/junhaesung,1228
https://github.com/newmki,1223
https://github.com/appkr,1222
https://github.com/iamchiwon,1217
https://github.com/eastroots92,1217
https://github.com/devkwonsehoon,1213
https://github.com/pers0n4,1211
https://github.com/kenu,1207
https://github.com/rkttu,1207
https://github.com/myungseokang,1198
https://github.com/saystone,1197
https://github.com/godrm,1194
https://github.com/lina0322,1189
https://github.com/delmaSong,1188
https://github.com/martinkersner,1179
https://github.com/Dogdriip,1178
https://github.com/KennethanCeyer,1178
https://github.com/rohjs,1166
https://github.com/brightparagon,1165
https://github.com/blukat29,1164
https://github.com/JeffGuKang,1146
https://github.com/xlffm3,1144
https://github.com/noah0316,1141
https://github.com/vividswan,1138
https://github.com/hihiboss,1137
https://github.com/jinia91,1131
https://github.com/namenu,1123
https://github.com/YeonjuSeo,1122
https://github.com/hongbeomi,1121
https://github.com/ClaudiaJKang,1109
https://github.com/xncbf,1095
https://github.com/xissy,1092
https://github.com/i-colours-u,1086
https://github.com/hellozo0,1085
https://github.com/Jeontaeyun,1076
https://github.com/sinoru,1069
https://github.com/tmmoond8,1064
https://github.com/calofmijuck,1060
https://github.com/snack655,1054
https://github.com/zoomkoding,1050
https://github.com/mousedoc,1050
https://github.com/heyman333,1039
https://github.com/Chloekkk,1037
https://github.com/jojoldu,1034
https://github.com/Yuni-Q,1029
https://github.com/flrngel,1024
https://github.com/ckiekim,1017
https://github.com/SehoNoh,1008
https://github.com/sujinnaljin,1006
https://github.com/ksundong,990
https://github.com/deptno,989
https://github.com/panarch,988
https://github.com/pomonam,984
https://github.com/co3oing,984
https://github.com/ruby-kim,983
https://github.com/wfedev,976
https://github.com/mukhtorov,973
https://github.com/zeta1999,963
https://github.com/dohvis,962
https://github.com/nulLeeKH,949
https://github.com/alexKwonIsAwesome,948
https://github.com/OSHMOS,944
https://github.com/jinsunee,935
https://github.com/Q00,933
https://github.com/ArtBlnd,932
https://github.com/somedd,932
https://github.com/snoopspy,927
https://github.com/lexifdev,912
https://github.com/solo5star,912
https://github.com/sunghyunzz,912
https://github.com/dj-shin,908
https://github.com/KimMachineGun,907
https://github.com/SeongIkKim,903
https://github.com/sery270,902
https://github.com/heartcored98,898
https://github.com/ppamppamman,898
https://github.com/pdpdds,887
https://github.com/codertimo,883
https://github.com/jaeyeonling,880
https://github.com/mingso,878
https://github.com/kimpro82,874
https://github.com/jonychoi,871
https://github.com/harrydrippin,864
https://github.com/premist,863
https://github.com/ryanking13,861
https://github.com/cpprhtn,859
https://github.com/0x00000FF,845
https://github.com/l-yohai,843
https://github.com/Achelous1,842
https://github.com/wody-d,841
https://github.com/seungha-kim,838
https://github.com/nnnlog,834
https://github.com/alicek106,826
https://github.com/20chan,822
https://github.com/SOMJANG,821
https://github.com/zeroday0619,818
https://github.com/leejoonhun,818
https://github.com/skh6075,816
https://github.com/rokoroku,815
https://github.com/seonggwonyoon,805
https://github.com/seokju-na,797
https://github.com/shlifedev,797
https://github.com/ykoh42,793
https://github.com/Two-Jay,779
https://github.com/occidere,778
https://github.com/greedy0110,776
https://github.com/goleedev,774
https://github.com/Jonny-Cho,771
https://github.com/wonderlandpark,767
https://github.com/nurseiit,762
https://github.com/ChoiysApple,758
https://github.com/gaonK,757
https://github.com/HYOSITIVE,756
https://github.com/nayunhwan,737
https://github.com/jho2301,732
https://github.com/bakyeono,731
https://github.com/Curt-Park,728
https://github.com/HyeongminLEE,728
https://github.com/pkeugine,725
https://github.com/Puterism,725
https://github.com/Say-young,721
https://github.com/kyungyunlee,717
https://github.com/dl0312,715
https://github.com/jun108059,713
https://github.com/sunhpark42,712
https://github.com/hygoni,708
https://github.com/Corea,706
https://github.com/dev-Lena,699
https://github.com/ssut,693
https://github.com/skyfe79,693
https://github.com/izen1231,693
https://github.com/jeongwhanchoi,687
https://github.com/maryangmin,674
https://github.com/keonlee9420,666
https://github.com/Kimdonghyeon7645,662
https://github.com/yulhee741,661
https://github.com/subinium,659
https://github.com/Monsteel,658
https://github.com/baeharam,656
https://github.com/kth990303,655
https://github.com/Junyoungpark,654
https://github.com/Hann,654
https://github.com/pronist,652
https://github.com/blogSoul,652
https://github.com/kyaryunha,649
https://github.com/icepeng,649
https://github.com/chitacan,645
https://github.com/Kyu-seok,644
https://github.com/WHTJEON,642
https://github.com/hankyeolk,642
https://github.com/NewWisdom,640
https://github.com/14km,639
https://github.com/sunghun7511,636
https://github.com/brainbackdoor,631
https://github.com/juyeop03,625
https://github.com/abiriadev,622
https://github.com/shb03323,613
https://github.com/flynnpark,611
https://github.com/zzsza,606
https://github.com/ujuc,605
https://github.com/scissorsneedfoodtoo,602
https://github.com/anthonycorbacho,599
https://github.com/cos18,594
https://github.com/EricSeokgon,593
https://github.com/unanchoi,591
https://github.com/step4me,591
https://github.com/hyeonski,587
https://github.com/fimuxd,586
https://github.com/getogrand,586
https://github.com/seongbin9786,584
https://github.com/msnodeve,583
https://github.com/Kyounghwan01,571
https://github.com/Taeyoung96,568
https://github.com/jhkim3217,565
https://github.com/zvuc,565
https://github.com/gngsn,560
https://github.com/MajorLift,559
https://github.com/roomylee,557
https://github.com/mori8,552
https://github.com/Hoto-Cocoa,549
https://github.com/protocorn93,548
https://github.com/ghostdogpr,545
https://github.com/roian6,545
https://github.com/mimseong,544
https://github.com/Pluu,543
https://github.com/developer0hye,542
https://github.com/TaeMinY,542
https://github.com/331leo,542
https://github.com/Haeeul,539
https://github.com/heptacode,535
https://github.com/dongminlee94,532
https://github.com/yjksw,530
https://github.com/lemmaa,529
https://github.com/chiwanpark,525
https://github.com/EBvi,521
https://github.com/Hyo-Seong,520
https://github.com/kimdwkimdw,517
https://github.com/swimjiy,514
https://github.com/kkame,511
https://github.com/engcang,509
https://github.com/teddylee777,508
https://github.com/kwon37xi,507
https://github.com/wan2land,507
https://github.com/stevenkim18,507
https://github.com/miniPinetree,504
https://github.com/pikachu987,503
https://github.com/makesource,497
https://github.com/kunny,496
https://github.com/Kim-jisoo11,495
https://github.com/heumsi,494
https://github.com/icarus8050,492
https://github.com/tributetothemoon,492
https://github.com/xguru,482
https://github.com/yechoi42,478
https://github.com/woogiekim,477
https://github.com/JUSTIVE,475
https://github.com/ranjafunc,474
https://github.com/marload,466
https://github.com/seohyun-106,462
https://github.com/seu11ee,460
https://github.com/MSNTCS,458
https://github.com/Axect,453
https://github.com/RebirthLee,452
https://github.com/KimReady,445
https://github.com/kevinOriginal,444
https://github.com/choonghyunryu,437
https://github.com/suites,433
https://github.com/kimkyunghun3,433
https://github.com/JJJoonngg,429
https://github.com/KimWanki,429
https://github.com/nacyot,428
https://github.com/itsnamgyu,424
https://github.com/rickiepark,421
https://github.com/ds-wook,421
https://github.com/goodboychan,419
https://github.com/corona10,418
https://github.com/onesup,412
https://github.com/serithemage,407
https://github.com/sigmadream,406
https://github.com/dongkwan-kim,406
https://github.com/benelog,404
https://github.com/GwonHeeJun,404
https://github.com/hskang9,403
https://github.com/Rok93,403
https://github.com/haileyjpark,401
https://github.com/skt-t1-byungi,400
https://github.com/sairion,396
https://github.com/jayhxmo,396
https://github.com/hodduc,391
https://github.com/scari,389
https://github.com/ohtt-iOS,387
https://github.com/SJang1,385
https://github.com/SangChan,383
https://github.com/encaion,379
https://github.com/happy-jihye,378
https://github.com/haje01,373
https://github.com/ljlm0402,372
https://github.com/f-lab-dev,368
https://github.com/thoratica,366
https://github.com/injoon5,366
https://github.com/tucan9389,365
https://github.com/webstoryboy,363
https://github.com/sihyungyou,362
https://github.com/eungsu,361
https://github.com/jinseob2kim,358
https://github.com/hoony9x,357
https://github.com/qogusdn1017,354
https://github.com/Joyykim,353
https://github.com/ralfyang,350
https://github.com/Dalgona,350
https://github.com/JSpiner,348
https://github.com/Vallista,348
https://github.com/kyechan99,348
https://github.com/wbluke,347
https://github.com/hansangjin96,347
https://github.com/kor45cw,346
https://github.com/Zeta611,345
https://github.com/minsOne,344
https://github.com/lsjsj92,344
https://github.com/heowc,343
https://github.com/buddman1208,339
https://github.com/upskyy,337
https://github.com/wanbok,336
https://github.com/bloomspes,334
https://github.com/kewlbear,328
https://github.com/sangwoomo,326
https://github.com/kcalvinalvin,326
https://github.com/Kyeongrok,319
https://github.com/mdparker,319
https://github.com/ouiliame,317
https://github.com/acetcom,315
https://github.com/koseoyoung,314
https://github.com/dolylupec,312
https://github.com/kseo,311
https://github.com/sally20921,310
https://github.com/Ken123777,308
https://github.com/yukyunglee,307
https://github.com/wanseob,303
https://github.com/chcbaram,303
https://github.com/seanie12,303
https://github.com/younatics,302
https://github.com/jung-han,301
https://github.com/intothedeep,301
https://github.com/Astoration,294
https://github.com/jeehoonkang,293
https://github.com/ParkSangGwon,290
https://github.com/sarguments,290
https://github.com/SoYoung210,287
https://github.com/SumiSeo,284
https://github.com/fabl1106,282
https://github.com/hanameee,279
https://github.com/jiyeoon,278
https://github.com/devMinseok,278
https://github.com/junyng,277
https://github.com/studioego,273
https://github.com/HyungJu,272
https://github.com/NovemberOscar,271
https://github.com/leejseo,270
https://github.com/9bow,270
https://github.com/kijin,270
https://github.com/kimkevin,269
https://github.com/likejazz,268
https://github.com/jaehui327,267
https://github.com/wookje,266
https://github.com/Lob-dev,265
https://github.com/ohyecloudy,264
https://github.com/SeungHeonDoh,263
https://github.com/acidsound,262
https://github.com/kairess,260
https://github.com/neosarchizo,259
https://github.com/hyunjaesung,257
https://github.com/kangtegong,256
https://github.com/kimhodol,255
https://github.com/subicura,254
https://github.com/jeonghwan-kim,253
https://github.com/pr0gr4m,253
https://github.com/Zagoshipda,246
https://github.com/SangminOut,245
https://github.com/Harry24k,243
https://github.com/cadenzah,242
https://github.com/techhtml,240
https://github.com/goranmoomin,239
https://github.com/swyoon,238
https://github.com/cliid,235
https://github.com/oli999,235
https://github.com/ulgoon,234
https://github.com/choidam,230
https://github.com/bckim92,229
https://github.com/LeinneSW,229
https://github.com/inhyuck,229
https://github.com/Dhghomon,228
https://github.com/O-O-wl,227
https://github.com/Jeongah-Shin,227
https://github.com/lsh3163,227
https://github.com/guersam,226
https://github.com/lqez,225
https://github.com/FuZer,225
https://github.com/PJunhyuk,224
https://github.com/toneyparky,221
https://github.com/haven-jeon,220
https://github.com/changja88,220
https://github.com/r-4bb1t,219
https://github.com/seominjoon,217
https://github.com/chayeoi,217
https://github.com/jerrynim,215
https://github.com/coding-polarbear,215
https://github.com/tngusmiso,213
https://github.com/rampart81,212
https://github.com/ooeunz,211
https://github.com/theeluwin,210
https://github.com/shanmdphd,210
https://github.com/sanghyun-son,208
https://github.com/LimHyungTae,207
https://github.com/devdonghyun,207
https://github.com/dk-ko,205
https://github.com/seopbo,204
https://github.com/JiHong88,203
https://github.com/ttub-nii,203
https://github.com/jckdotim,201
https://github.com/kawoou,199
https://github.com/mdsnins,197
https://github.com/markwinter,196
https://github.com/jskDr,196
https://github.com/seungdols,194
https://github.com/cceyda,191
https://github.com/progh2,191
https://github.com/giannitedesco,190
https://github.com/LOG-INFO,189
https://github.com/coallaoh,188
https://github.com/byulparan,186
https://github.com/d3m3vilurr,185
https://github.com/justiceHui,182
https://github.com/gbmksquare,180
https://github.com/MartinYounghoonKim,179
https://github.com/pci2676,179
https://github.com/pje1740,178
https://github.com/mahi97,177
https://github.com/rtajeong,177
https://github.com/HyoGeunGit,175
https://github.com/zerosum99,173
https://github.com/1ambda,172
https://github.com/AppleCEO,172
https://github.com/segfault87,172
https://github.com/heejongahn,171
https://github.com/darjeeling,171
https://github.com/totuworld,170
https://github.com/alro923,169
https://github.com/sohyunwriter,169
https://github.com/trustyoo86,167
https://github.com/ianychoi,166
https://github.com/choco9966,160
https://github.com/suminb,160
https://github.com/Urunov,159
https://github.com/brant-hwang,157
https://github.com/e-,155
https://github.com/hikaMaeng,154
https://github.com/QuadFlask,154
https://github.com/ratsgo,153
https://github.com/andrewbae,152
https://github.com/Limwin94,152
https://github.com/yhbyun,149
https://github.com/shinplest,147
https://github.com/kyuwoo-choi,145
https://github.com/blissray,145
https://github.com/kingbbode,143
https://github.com/yunho0130,143
https://github.com/wotomas,143
https://github.com/yansfil,142
https://github.com/nana-like,141
https://github.com/techbless,141
https://github.com/JinFree,138
https://github.com/jiyeonseo,136
https://github.com/jjuiddong,136
https://github.com/js-lee-AI,136
https://github.com/seriousran,135
https://github.com/yoonje,133
https://github.com/JunHoPark93,131
https://github.com/Arc-Jung,130
https://github.com/cheonbi,130
https://github.com/Jeewhan,128
https://github.com/YoungjaeKim,128
https://github.com/feel5ny,127
https://github.com/channprj,126
https://github.com/jiunbae,125
https://github.com/futureCreator,125
https://github.com/Beomi,123
https://github.com/eouia,123
https://github.com/seongjoojin,122
https://github.com/sanghoon,121
https://github.com/adbr-dev,121
https://github.com/ChoiDongKyu96,121
https://github.com/jungwoo-ha,118
https://github.com/ch4n3-yoon,116
https://github.com/gyunggyung,115
https://github.com/Resten1497,112
https://github.com/zieunv,111
https://github.com/sesang06,111
https://github.com/Laeyoung,110
https://github.com/sungjk,109
https://github.com/ssionii,109
https://github.com/sublee,108
https://github.com/uyeong,108
https://github.com/tegg89,108
https://github.com/young891221,107
https://github.com/jungseungyeo,107
https://github.com/JihoChoi,106
https://github.com/rainygirl,105
https://github.com/237summit,103
https://github.com/seoul-opengov,103
https://github.com/cowkite,103
https://github.com/changemin,103
https://github.com/joyceHong0524,102
https://github.com/bryandlee,101
https://github.com/rheehot,101
https://github.com/yu4321,100
https://github.com/ildoonet,99
https://github.com/tilltue,98
https://github.com/Luavis,98
https://github.com/viriditass,97
https://github.com/jacking75,95
https://github.com/humblEgo,95
https://github.com/sieunkr,94
https://github.com/Lutece,94
https://github.com/khurshid88,92
https://github.com/sjchoi86,90
https://github.com/seohyun0120,90
https://github.com/DalYoon,89
https://github.com/jsikyoon,87
https://github.com/hkjang,86
https://github.com/appear,86
https://github.com/Swalloow,86
https://github.com/harimkang,86
https://github.com/Gyubin,84
https://github.com/seungwonpark,83
https://github.com/angeloyeo,82
https://github.com/cynthia,82
https://github.com/leejaycoke,80
https://github.com/sunglok,80
https://github.com/peyo-hd,79
https://github.com/hyeshik,79
https://github.com/Suckzoo,78
https://github.com/irapkaist,77
https://github.com/joelkim,77
https://github.com/J911,77
https://github.com/dogemos,75
https://github.com/1Konny,74
https://github.com/Parkchanjun,74
https://github.com/madvirus,73
https://github.com/warnikchow,73
https://github.com/namsk,73
https://github.com/orioncactus,73
https://github.com/jae57,72
https://github.com/e9t,71
https://github.com/SanghyukChun,71
https://github.com/hccho2,71
https://github.com/gunlee01,70
https://github.com/jason9693,69
https://github.com/mskims,69
https://github.com/hletrd,69
https://github.com/Brew-Brew,68
https://github.com/teslamint,68
https://github.com/ganadist,68
https://github.com/firejune,68
https://github.com/iwin2471,68
https://github.com/koosaga,67
https://github.com/sangcomz,67
https://github.com/djohnkang,67
https://github.com/dongjinleekr,65
https://github.com/namjunemy,64
https://github.com/hanul93,62
https://github.com/madplay,62
https://github.com/arahansa,61
https://github.com/utkuozbulak,59
https://github.com/gnu-gnu,59
https://github.com/dobestan,58
https://github.com/JUNWOO45,58
https://github.com/hyunable,58
https://github.com/AndersonChoi,57
https://github.com/skyil7,56
https://github.com/leesh3288,56
https://github.com/ksw0306,55
https://github.com/Party4Bread,55
https://github.com/Jo-Yewon,55
https://github.com/tkwoo,54
https://github.com/msbaek,53
https://github.com/presto95,52
https://github.com/khg0712,52
https://github.com/bandoche,51
https://github.com/bemoregt,51
https://github.com/jnhwkim,50
https://github.com/jinhokong,50
https://github.com/tinytinystone,50
https://github.com/yudong80,50
https://github.com/yoonhg84,49
https://github.com/s8ngyu,49
https://github.com/kijungs,49
https://github.com/Taeung,48
https://github.com/learn-programmers,48
https://github.com/Kofktu,47
https://github.com/TheBeege,47
https://github.com/Kroisse,46
https://github.com/serialx,46
https://github.com/yhgon,46
https://github.com/acious,45
https://github.com/hoya012,44
https://github.com/sonypark,44
https://github.com/affjljoo3581,44
https://github.com/lyeoni,43
https://github.com/joshua-qa,43
https://github.com/galsang,42
https://github.com/hannal,42
https://github.com/sangkilc,41
https://github.com/CoderK,40
https://github.com/wonwoo,40
https://github.com/getsolaris,39
https://github.com/minsuklee,38
https://github.com/Charlezz,38
https://github.com/L0SG,38
https://github.com/urlkaist,38
https://github.com/hongsukchoi,38
https://github.com/minhoryang,37
https://github.com/ISKU,37
https://github.com/tokijh,36
https://github.com/sookcha,36
https://github.com/integraldx,36
https://github.com/eagle705,35
https://github.com/youngwoos,35
https://github.com/chickenbestlover,35
https://github.com/MrSyee,34
https://github.com/PlumpMath,33
https://github.com/gimdongwoo,33
https://github.com/jwkanggist,33
https://github.com/NESOY,32
https://github.com/AhyoungRyu,31
https://github.com/hyunsikjeong,31
https://github.com/sanxiyn,30
https://github.com/mjpark03,30
https://github.com/gaussian37,30
https://github.com/soongon,30
https://github.com/hongjun7,28
https://github.com/RavenKyu,28
https://github.com/sungeunDev,28
https://github.com/codingbowoo,27
https://github.com/1202kbs,27
https://github.com/ExcelsiorCJH,27
https://github.com/pilsung-kang,26
https://github.com/PyojinKim,26
https://github.com/taehoonlee,25
https://github.com/Baekjoon,25
https://github.com/vuski,24
https://github.com/SoYoungCho,24
https://github.com/TaeJoongYoon,24
https://github.com/Heartade,24
https://github.com/kalaluthien,24
https://github.com/jihoonl,23
https://github.com/ozbek,23
https://github.com/muminoff,23
https://github.com/andabi,22
https://github.com/anarcher,22
https://github.com/J-minkuk,22
https://github.com/ClintJang,21
https://github.com/omjoonkim,21
https://github.com/urstory,21
https://github.com/seojangho,21
https://github.com/mkw8263,21
https://github.com/yongqyu,20
https://github.com/jihoo-kim,19
https://github.com/jwlee-ml,19
https://github.com/TouchCon-Reward,18
https://github.com/becxer,18
https://github.com/kh-kim,17
https://github.com/indiflex,17
https://github.com/hangum,16
https://github.com/graykode,15
https://github.com/dansuh17,15
https://github.com/eungjun-yi,14
https://github.com/leehwarang,14
https://github.com/ParkGwangBeom,14
https://github.com/dolsup,14
https://github.com/DSKSD,13
https://github.com/kuc2477,13
https://github.com/jaceshim,13
https://github.com/cruisediary,12
https://github.com/ihoneymon,12
https://github.com/ibare,12
https://github.com/gwanhyeong2,12
https://github.com/LumpKim,12
https://github.com/JudeLee19,12
https://github.com/kimsama,11
https://github.com/kimjmin,11
https://github.com/limeburst,11
https://github.com/changwoo,11
https://github.com/SungjoonPark,11
https://github.com/shlee322,10
https://github.com/channy,10
https://github.com/codej99,10
https://github.com/jeeeyul,10
https://github.com/koogk7,10
https://github.com/arawn,9
https://github.com/debop,9
https://github.com/cwdoh,9
https://github.com/tchoi8,8
https://github.com/WooVictory,8
https://github.com/yomybaby,8
https://github.com/pawsong,8
https://github.com/dangtrinhnt,8
https://github.com/nakosung,7
https://github.com/mudin,7
https://github.com/hayoung-kim,7
https://github.com/jongcye,7
https://github.com/cozyplanes,7
https://github.com/kijun,7
https://github.com/buriburisuri,6
https://github.com/tropicalchancer,6
https://github.com/dokwon,6
https://github.com/kanghyojun,6
https://github.com/Woollim,6
https://github.com/gwonsungjun,6
https://github.com/muhyun,6
https://github.com/Kyubyong,5
https://github.com/golbin,5
https://github.com/buomsoo-kim,5
https://github.com/gliese581gg,5
https://github.com/myungsub,5
https://github.com/yoloseem,5
https://github.com/KimDarren,5
https://github.com/kiyoungkim1,5
https://github.com/aero,5
https://github.com/jugfk,4
https://github.com/shoark7,4
https://github.com/hyeonseobnam,4
https://github.com/jcwleo,4
https://github.com/sunghoonim,4
https://github.com/dhlee347,3
https://github.com/leekchan,3
https://github.com/mightydeveloper,3
https://github.com/DanielTimLee,2
https://github.com/push0ebp,2
https://github.com/lunarscents,2
https://github.com/minwan1,2
https://github.com/javarouka,2
https://github.com/kimhc6028,1
https://github.com/seungeunrho,1
https://github.com/rksltnl,1
https://github.com/kkung,1
https://github.com/kweonwooj,1
https://github.com/adunStudio,1
https://github.com/fuzzythecat,1
https://github.com/skyisle,1
https://github.com/soobinseo,1
https://github.com/plzdonotsay,1
https://github.com/godstale,1
https://github.com/jeado,1
https://github.com/hyesun03,1
https://github.com/junsukchoe,1
https://github.com/yjucho1,1
